date,category,title,amount
2024-09-02,transporte,Uber *UberBR,28.90
2024-09-03,alimentação,iFood *Burger King,64.50
2024-09-05,serviços,Netflix.com,55.90
2024-09-08,eletrônicos,Mercado Livre - Parcela 2/6,149.90
2024-09-10,supermercado,Carrefour Supermercado,412.30
2024-09-12,saúde,Droga Raia Farmacia,89.40
2024-09-15,lazer,Cinema UCI Kinoplex,74.00
2024-09-17,transporte,Posto Ipiranga Combustivel,220.00
2024-09-19,outros,Amazon.com.br,129.00
2024-09-20,casa,Leroy Merlin - Parcela 1/3,230.50
2024-09-22,alimentação,Padaria Bella Vista,32.80
2024-09-25,pagamento,Pagamento de fatura,-1486.20
